,Species,Number of Specimens
0,Glyphorynchus spirurus,1297
1,Dixiphia pipra,1067
2,Willisornis poecilinotus,855
3,Pithys albifrons,735
4,Lepidothrix coronata,523
5,Xenopipo atronitens,516
6,Myrmotherula axillaris,444
7,Thamnomanes caesius,422
8,Dendrocincla merula,402
9,Elaenia ruficeps,355
10,Dendrocincla fuliginosa,300
11,Gymnopithys rufigula,296
12,Xiphorhynchus pardalotus,293
13,Myrmoborus myotherinus,290
14,Ceratopipra rubrocapilla,283
15,Myrmotherula longipennis,282
16,Tachyphonus phoenicius,275
17,Turdus albicollis,273
18,Mionectes macconnelli,270
19,Formicarius colma,253
20,Oneillornis salvini,251
21,Mionectes oleagineus,244
22,Hypocnemis cantator,236
23,Epinecrophylla haematonota,233
24,Thamnomanes ardesiacus,223
25,Geotrygon montana,217
26,Corapipo gutturalis,215
27,Lepidothrix nattereri,212
28,Percnostola rufifrons,204
29,Formicivora grisea,201
30,Ceratopipra erythrocephala,194
31,Schiffornis turdina,182
32,Lepidothrix serena,181
33,Xenops minutus,173
34,Hylophylax naevius,172
35,Certhiasomus stictolaemus,161
36,Isleria hauxwelli,161
37,Thamnophilus aethiops,157
38,Xiphorhynchus elegans,152
39,Phlegopsis nigromaculata,146
40,Thamnomanes saturninus,141
41,Automolus infuscatus,140
42,Pipra filicauda,129
43,Thalurania furcata,120
44,Hypocnemis striata,120
45,Elaenia cristata,120
46,Lanio surinamus,117
47,Onychorhynchus coronatus,116
48,Hypocnemoides melanopogon,115
49,Thamnophilus murinus,113
50,Thamnophilus nigrocinereus,106
51,Epinecrophylla leucophthalma,103
52,Pipra fasciicauda,102
53,Phaethornis superciliosus,101
54,Myrmotherula menetriesii,99
55,Tunchiornis ochraceiceps,95
56,Rhegmatorhina melanosticta,94
57,Myiobius barbatus,94
58,Terenotriccus erythrurus,92
59,Schistochlamys melanopis,89
60,Platyrinchus coronatus,88
61,Cyphorhinus arada,87
62,Attila spadiceus,87
63,Epinecrophylla gutturalis,87
64,Tyrannus melancholicus,87
65,Gymnopithys leucaspis,86
66,Cyanoloxia rothschildii,86
67,Platyrinchus platyrhynchos,85
68,Phaethornis bourcieri,84
69,Deconychura longicauda,84
70,Chiroxiphia pareola,83
71,Brotogeris sanctithomae,81
72,Polytmus theresiae,78
73,Xiphorhynchus obsoletus,77
74,Megastictus margaritatus,77
75,Dendrocolaptes certhia,75
76,Ramphocelus carbo,75
77,Myrmoborus lugubris,75
78,Hemitriccus minor,74
79,Sclerurus rufigularis,74
80,Malacoptila rufa,73
81,Momotus momota,70
82,Synallaxis rutilans,69
83,Arremon taciturnus,68
84,Corythopis torquatus,67
85,Manacus manacus,67
86,Conopophaga aurita,65
87,Habia rubica,65
88,Chloroceryle aenea,62
89,Xiphorhynchus guttatus,62
90,Cnemotriccus fuscatus,62
91,Thamnophilus amazonicus,62
92,Microcerculus marginatus,62
93,Automolus ochrolaemus,61
94,Galbula cyanicollis,60
95,Galbula albirostris,60
96,Hypocnemis hypoxantha,59
97,Platyrinchus saturatus,59
98,Myrmotherula assimilis,59
99,Phlegopsis erythroptera,58
100,Pheugopedius coraya,57
101,Xiphorhynchus ocellatus,56
102,Isleria guttata,56
103,Thamnophilus schistaceus,55
104,Phaethornis hispidus,54
105,Myrmoborus leucophrys,53
106,Schiffornis amazonum,53
107,Hypocnemoides maculicauda,52
108,Sciaphylax hemimelaena,52
109,Heterocercus linteatus,52
110,Rhegmatorhina gymnops,52
111,Elaenia chiriquensis,50
112,Philydor erythrocercum,50
113,Myrmelastes leucostigma,49
114,Coereba flaveola,49
115,Cantorchilus leucotis,48
116,Microbates collaris,48
117,Philydor pyrrhodes,47
118,Celeus elegans,47
119,Phaethornis malaris,47
120,Turdus fumigatus,46
121,Xiphorhynchus spixii,44
122,Rhynchocyclus olivaceus,43
123,Ramphotrigon ruficauda,43
124,Phaethornis ruber,40
125,Dichrozona cincta,39
126,Sporophila angolensis,39
127,Sclerurus macconnelli,39
128,Hypocnemis peruviana,39
129,Sclerurus caudacutus,39
130,Cercomacroides serva,38
131,Dendroplex picus,38
132,Automolus subulatus,38
133,Lepidothrix iris,38
134,Frederickena viridis,37
135,Campylopterus largipennis,36
136,Schiffornis olivacea,36
137,Eucometis penicillata,36
138,Cercomacroides nigrescens,36
139,Picumnus varzeae,35
140,Sakesphorus canadensis,35
141,Threnetes leucurus,35
142,Leptotila rufaxilla,35
143,Knipolegus poecilocercus,34
144,Ceratopipra cornuta,34
145,Hafferia fortis,34
146,Monasa nigrifrons,34
147,Rhegmatorhina hoffmannsi,33
148,Amazilia fimbriata,32
149,Turdus ignobilis,32
150,Heliodoxa xanthogonys,32
151,Sittasomus griseicapillus,32
152,Hylophylax punctulatus,32
153,Automolus paraensis,31
154,Cymbilaimus lineatus,30
155,Turdus leucomelas,30
156,Glaucis hirsutus,30
157,Myrmoderus ferrugineus,30
158,Myrmophylax atrothorax,29
159,Phaethornis philippii,29
160,Monasa morphoeus,29
161,Lepidothrix vilasboasi,29
162,Cercomacra cinerascens,28
163,Phaethornis rupurumii,27
164,Troglodytes musculus,27
165,Cercomacroides tyrannina,27
166,Pheugopedius genibarbis,27
167,Pygiptila stellaris,27
168,Conirostrum bicolor,26
169,Nyctiprogne leucopyga,26
170,Lathrotriccus euleri,26
171,Dendrocolaptes picumnus,25
172,Rhegmatorhina berlepschi,25
173,Stigmatura napensis,25
174,Lanio cristatus,24
175,Trogon rufus,24
176,Thamnophilus stictocephalus,24
177,Rhytipterna simplex,24
178,Cnipodectes subbrunneus,24
179,Thamnophilus punctatus,24
180,Sclateria naevia,24
181,Tolmomyias flaviventris,23
182,Tangara episcopus,23
183,Heterocercus flavivertex,23
184,Rhytipterna immunda,23
185,Hylexetastes uniformis,23
186,Trogon viridis,22
187,Bucco capensis,22
188,Emberizoides herbicola,22
189,Thamnophilus doliatus,22
190,Tolmomyias poliocephalus,22
191,Lophotriccus galeatus,22
192,Hypocnemis flavescens,22
193,Lipaugus vociferans,22
194,Synallaxis gujanensis,22
195,Rupornis magnirostris,22
196,Dendroplex kienerii,22
197,Percnostola minor,22
198,Tolmomyias sulphurescens,21
199,Microrhopias quixensis,21
200,Herpsilochmus dorsimaculatus,21
201,Myiothlypis bivittata,21
202,Xiphorhynchus beauperthuysii,21
203,Hylexetastes perrotii,21
204,Lepidothrix suavissima,20
205,Zimmerius gracilipes,20
206,Picumnus aurifrons,20
207,Cyanerpes caeruleus,19
208,Micrastur gilvicollis,19
209,Bucco tamatia,19
210,Malacoptila fusca,19
211,Nannochordeiles pusillus,19
212,Piprites chloris,18
213,Brotogeris versicolurus,18
214,Saltator maximus,18
215,Chloroceryle inda,18
216,Taraba major,18
217,Neopelma chrysocephalum,18
218,Mazaria propinqua,18
219,Todirostrum maculatum,18
220,Catharus fuscescens,18
221,Hemitriccus margaritaceiventer,18
222,Myrmornis torquata,18
223,Nasica longirostris,17
224,Picumnus cirratus,17
225,Campylorhamphus procurvoides,17
226,Myiopagis flavivertex,16
227,Pteroglossus aracari,16
228,Serpophaga hypoleuca,16
229,Mionectes roraimae,16
230,Vireo olivaceus,16
231,Chlorestes notata,16
232,Schiffornis major,16
233,Saltator coerulescens,16
234,Cranioleuca gutturata,16
235,Myrmotherula klagesi,16
236,Nyctidromus albicollis,16
237,Cathartes aura,16
238,Capito auratus,16
239,Percnostola subcristata,15
240,Platyrinchus mystaceus,15
241,Formicarius analis,15
242,Columbina passerina,15
243,Certhiaxis mustelinus,15
244,Micrastur ruficollis,15
245,Veniliornis affinis,15
246,Myrmotherula cherriei,15
247,Aprositornis disjuncta,15
248,Nyctidromus nigrescens,15
249,Sakesphorus luctuosus,15
250,Galbula galbula,15
251,Leptopogon amaurocephalus,15
252,Tangara palmarum,15
253,Trogon melanurus,15
254,Lanio fulvus,14
255,Phaethornis aethopygus,14
256,Laniocera hypopyrra,14
257,Amazilia versicolor,14
258,Tolmomyias assimilis,14
259,Machaeropterus pyrocephalus,14
260,Machaeropterus striolatus,14
261,Cercomacra carbonaria,14
262,Chrysomus icterocephalus,14
263,Anabacerthia ruficaudata,14
264,Campylorhamphus trochilirostris,14
265,Pitangus sulphuratus,14
266,Galbula leucogastra,14
267,Chlorophanes spiza,13
268,Colaptes punctigula,13
269,Myiodynastes maculatus,13
270,Hydropsalis climacocerca,13
271,Dolospingus fringilloides,13
272,Myrmelastes schistaceus,13
273,Tyranneutes stolzmanni,13
274,Pachyramphus polychopterus,12
275,Myrmelastes hyperythrus,12
276,Piculus flavigula,12
277,Capito aurovirens,12
278,Hemitriccus inornatus,12
279,Hemitriccus zosterops,12
280,Megascops choliba,11
281,Myiarchus ferox,11
282,Dysithamnus mentalis,11
283,Pteroglossus viridis,11
284,Picumnus exilis,11
285,Attila cinnamomeus,11
286,Lepidocolaptes albolineatus,11
287,Brotogeris chrysoptera,11
288,Progne tapera,11
289,Cranioleuca vulpina,11
290,Cyclarhis gujanensis,11
291,Ramphastos vitellinus,11
292,Epinecrophylla amazonica,11
293,Turdus leucops,11
294,Myrmotherula iheringi,11
295,Dacnis cayana,11
296,Volatinia jacarina,11
297,Heliodoxa aurescens,11
298,Thamnomanes schistogynus,11
299,Florisuga mellivora,11
300,Myrmothera campanisona,10
301,Myiopagis gaimardii,10
302,Ramphocaenus melanurus,10
303,Phoenicircus carnifex,10
304,Henicorhina leucosticta,10
305,Hylophilus semicinereus,10
306,Celeus grammicus,10
307,Pyrrhura melanura,10
308,Elaenia parvirostris,10
309,Frederickena unduliger,10
310,Trogon violaceus,10
311,Elaenia flavogaster,10
312,Monasa atra,10
313,Synallaxis albescens,10
314,Myrmotherula multostriata,10
315,Euphonia minuta,10
316,Paroaria gularis,10
317,Galbula tombacea,10
318,Celeus flavus,10
319,Pauxi tuberosa,10
320,Jacamerops aureus,10
321,Furnarius leucopus,9
322,Pachyramphus castaneus,9
323,Amazilia viridigaster,9
324,Catharus aurantiirostris,9
325,Myrmotherula brachyura,9
326,Epinecrophylla ornata,9
327,Ramphastos tucanus,9
328,Tityra semifasciata,9
329,Synallaxis albigularis,9
330,Phaeomyias murina,9
331,Lanio versicolor,9
332,Rhegmatorhina cristata,9
333,Myiornis ecaudatus,9
334,Inezia subflava,9
335,Tyrannulus elatus,9
336,Saltator grossus,9
337,Conirostrum margaritae,9
338,Hemitriccus striaticollis,9
339,Roraimia adusta,9
340,Epinecrophylla erythrura,9
341,Phoenicircus nigricollis,9
342,Tangara mexicana,8
343,Nemosia pileata,8
344,Cyanocorax hafferi,8
345,Microcerculus bambla,8
346,Hylexetastes stresemanni,8
347,Galbula dea,8
348,Myrmotherula surinamensis,8
349,Dendrocolaptes hoffmannsi,8
350,Tyrannus savana,8
351,Pteroglossus inscriptus,8
352,Xiphocolaptes promeropirhynchus,8
353,Tachyphonus rufus,8
354,Poecilotriccus latirostris,8
355,Sporophila plumbea,8
356,Baryphthengus martii,8
357,Trogon collaris,8
358,Hylocharis sapphirina,8
359,Geothlypis aequinoctialis,8
360,Pachysylvia muscicapina,8
361,Cranioleuca vulpecula,8
362,Myioborus miniatus,8
363,Hypocnemis ochrogyna,8
364,Xiphorhynchus guttatoides,8
365,Heliothryx auritus,8
366,Myrmelastes rufifacies,8
367,Crotophaga major,7
368,Coccycua minuta,7
369,Sporophila nigricollis,7
370,Cyanerpes nitidus,7
371,Phaethornis augusti,7
372,Ammodramus aurifrons,7
373,Pulsatrix perspicillata,7
374,Pteroglossus azara,7
375,Sturnella militaris,7
376,Myrmochanes hemileucus,7
377,Automolus rufipileatus,7
378,Hylophilus brunneiceps,7
379,Coccyzus melacoryphus,7
380,Attila bolivianus,7
381,Hylocharis cyanus,7
382,Myiothlypis rivularis,7
383,Tangara velia,7
384,Chelidoptera tenebrosa,7
385,Psittacara leucophthalmus,7
386,Accipiter superciliosus,7
387,Tangara cayana,7
388,Celeus torquatus,7
389,Veniliornis cassini,7
390,Capsiempis flaveola,7
391,Caryothraustes canadensis,7
392,Turdus hauxwelli,7
393,Hirundo rustica,7
394,Stelgidopteryx ruficollis,7
395,Euphonia plumbea,7
396,Sporophila castaneiventris,7
397,Myrmelastes humaythae,7
398,Pachyramphus rufus,7
399,Psophia crepitans,7
400,Piaya cayana,6
401,Penelope jacquacu,6
402,Dacnis lineata,6
403,Cacicus haemorrhous,6
404,Galbalcyrhynchus leucotis,6
405,Selenidera piperivora,6
406,Nonnula rubecula,6
407,Ochthornis littoralis,6
408,Mimus gilvus,6
409,Pachyramphus marginatus,6
410,Heliomaster longirostris,6
411,Knipolegus orenocensis,6
412,Empidonomus varius,6
413,Heliornis fulica,6
414,Myiopagis caniceps,6
415,Porphyrio martinicus,6
416,Pluvialis dominica,6
417,Microcerculus ustulatus,6
418,Certhiaxis cinnamomeus,6
419,Pteroglossus bitorquatus,6
420,Chlorostilbon mellisugus,6
421,Camptostoma obsoletum,6
422,Heliodoxa schreibersii,6
423,Crypturellus variegatus,6
424,Dacnis flaviventer,6
425,Euphonia xanthogaster,6
426,Vireo sclateri,6
427,Philohydor lictor,6
428,Herpsilochmus praedictus,6
429,Sporophila intermedia,6
430,Euphonia rufiventris,6
431,Galbula ruficauda,6
432,Nonnula ruficapilla,6
433,Chordeiles rupestris,6
434,Psophia ochroptera,6
435,Zonotrichia capensis,6
436,Atlapetes personatus,5
437,Chloroceryle amazona,5
438,Neoctantes niger,5
439,Procnias albus,5
440,Galbalcyrhynchus purusianus,5
441,Myiophobus fasciatus,5
442,Euphonia chrysopasta,5
443,Estrilda astrild,5
444,Chrysolampis mosquitus,5
445,Coragyps atratus,5
446,Selenidera reinwardtii,5
447,Piculus leucolaemus,5
448,Myiothlypis fulvicauda,5
449,Phlegopsis borbae,5
450,Microxenops milleri,5
451,Micrastur mintoni,5
452,Capito niger,5
453,Melanerpes cruentatus,5
454,Ramphocelus nigrogularis,5
455,Chlorophonia cyanea,5
456,Celeus undatus,5
457,Tangara guttata,5
458,Herpsilochmus rufimarginatus,5
459,Ancistrops strigilatus,5
460,Pachyramphus minor,5
461,Megascops usta,5
462,Tyranneutes virescens,5
463,Hydropsalis torquata,5
464,Cranioleuca demissa,5
465,Tangara gyrola,5
466,Veniliornis passerinus,5
467,Herpsilochmus sticturus,5
468,Thripophaga fusciceps,5
469,Topaza pella,5
470,Hemitriccus griseipectus,5
471,Piculus chrysochloros,5
472,Willisornis vidua,5
473,Conopias trivirgatus,5
474,Myioborus castaneocapilla,5
475,Tangara chilensis,5
476,Periporphyrus erythromelas,5
477,Lanio luctuosus,5
478,Elaenia spectabilis,5
479,Charadrius collaris,5
480,Myiarchus tuberculifer,5
481,Hemithraupis guira,4
482,Strix virgata,4
483,Pygochelidon melanoleuca,4
484,Hylopezus macularius,4
485,Elaenia olivina,4
486,Furnarius minor,4
487,Caracara cheriway,4
488,Polioptila plumbea,4
489,Sublegatus obscurior,4
490,Chloroceryle americana,4
491,Pachysylvia hypoxantha,4
492,Liosceles thoracicus,4
493,Conopophaga melanogaster,4
494,Tyto furcata,4
495,Pyriglena leuconota,4
496,Cantorchilus griseus,4
497,Lurocalis semitorquatus,4
498,Crax alector,4
499,Hylophilus pectoralis,4
500,Herpsilochmus roraimae,4
501,Piranga lutea,4
502,Pionus menstruus,4
503,Sporophila lineola,4
504,Dryocopus lineatus,4
505,Myrmothera simplex,4
506,Doryfera johannae,4
507,Querula purpurata,4
508,Cyanerpes cyaneus,4
509,Arremonops conirostris,4
510,Asio clamator,4
511,Campylopterus duidae,4
512,Donacobius atricapilla,4
513,Colibri delphinae,4
514,Odontophorus gujanensis,4
515,Poecilotriccus fumifrons,4
516,Pachyramphus surinamus,4
517,Lepidocolaptes duidae,4
518,Tangara xanthogastra,4
519,Granatellus pelzelni,4
520,Thamnophilus insignis,4
521,Syndactyla roraimae,4
522,Clibanornis obscurus,4
523,Ortalis guttata,4
524,Selenidera gouldii,4
525,Turdus amaurochalinus,4
526,Akletos melanoceps,4
527,Psarocolius bifasciatus,4
528,Conopias parvus,4
529,Cranioleuca muelleri,4
530,Epinecrophylla pyrrhonota,4
531,Myiothlypis mesoleuca,4
532,Brachygalba lugubris,4
533,Glaucidium brasilianum,4
534,Thamnophilus cryptoleucus,4
535,Euphonia violacea,4
536,Chordeiles acutipennis,4
537,Poecilotriccus sylvia,4
538,Eubucco richardsoni,4
539,Herpsilochmus stotzi,4
540,Amaurolimnas concolor,4
541,Calidris melanotos,4
542,Neopipo cinnamomea,4
543,Pyrrhura amazonum,4
544,Calidris fuscicollis,4
545,Malacoptila semicincta,4
546,Eupsittula pertinax,4
547,Neocrex erythrops,4
548,Xenopipo uniformis,4
549,Formicivora rufa,4
550,Graydidascalus brachyurus,4
551,Phaethornis griseogularis,3
552,Nannopterum brasilianus,3
553,Geranospiza caerulescens,3
554,Aburria cumanensis,3
555,Mitrospingus oleagineus,3
556,Hemithraupis flavicollis,3
557,Electron platyrhynchum,3
558,Sicalis columbiana,3
559,Turdus flavipes,3
560,Myiozetetes luteiventris,3
561,Pyrilia vulturina,3
562,Megascops watsonii,3
563,Milvago chimachima,3
564,Ardea cocoi,3
565,Glaucidium hardyi,3
566,Cyanocorax violaceus,3
567,Berlepschia rikeri,3
568,Galbula cyanescens,3
569,Grallaria guatimalensis,3
570,Tringa solitaria,3
571,Capito dayi,3
572,Selenidera nattereri,3
573,Rupicola rupicola,3
574,Sclerurus albigularis,3
575,Myiothlypis flaveola,3
576,Philydor erythropterum,3
577,Turdus nudigenis,3
578,Campylopterus hyperythrus,3
579,Parkesia noveboracensis,3
580,Crypturellus cinereus,3
581,Campylorhynchus turdinus,3
582,Nyctiphrynus ocellatus,3
583,Cyanicterus cyanicterus,3
584,Myrmeciza longipes,3
585,Pyrrhura roseifrons,3
586,Metopothrix aurantiaca,3
587,Megaceryle torquata,3
588,Cochlearius cochlearius,3
589,Porphyrio flavirostris,3
590,Coccyzus euleri,3
591,Patagioenas cayennensis,3
592,Nyctibius bracteatus,3
593,Opisthocomus hoazin,3
594,Nonnula amaurocephala,3
595,Hydropsalis cayennensis,3
596,Piranga rubra,3
597,Myrmotherula obscura,3
598,Harpia harpyja,3
599,Eurypyga helias,3
600,Buteo platypterus,3
601,Pharomachrus pavoninus,3
602,Forpus sclateri,3
603,Procacicus solitarius,3
604,Pyrilia barrabandi,3
605,Turdus sanchezorum,3
606,Psarocolius angustifrons,3
607,Aramides cajaneus,3
608,Icterus cayanensis,3
609,Hemitriccus minimus,3
610,Tangara schrankii,3
611,Xenops rutilans,3
612,Hemitriccus flammulatus,3
613,Ara ararauna,3
614,Knipolegus poecilurus,3
615,Ramphotrigon fuscicauda,3
616,Setophaga ruticilla,3
617,Myiarchus tyrannulus,3
618,Myiarchus swainsoni,3
619,Calidris minutilla,3
620,Setophaga striata,3
621,Tachycineta albiventer,3
622,Patagioenas plumbea,3
623,Pyrrhura perlata,3
624,Heterospizias meridionalis,3
625,Tigrisoma lineatum,3
626,Ornithion inerme,3
627,Picumnus undulatus,3
628,Asio stygius,3
629,Topaza pyra,3
630,Orthopsittaca manilatus,3
631,Cercomacroides laeta,3
632,Antrostomus rufus,3
633,Cyanocorax chrysops,3
634,Drymophila devillei,3
635,Riparia riparia,3
636,Pygochelidon cyanoleuca,3
637,Dendrocolaptes concolor,3
638,Ortalis motmot,3
639,Piaya melanogaster,3
640,Leucopternis kuhli,3
641,Leucippus chlorocercus,2
642,Elaenia pelzelni,2
643,Forpus passerinus,2
644,Turdus lawrencii,2
645,Pandion haliaetus,2
646,Myrmoborus melanurus,2
647,Neopelma sulphureiventer,2
648,Myiozetetes cayanensis,2
649,Picumnus spilogaster,2
650,Ramphotrigon megacephalum,2
651,Psarocolius viridis,2
652,Harpagus bidentatus,2
653,Myiophobus roraimae,2
654,Claravis pretiosa,2
655,Chaetura spinicaudus,2
656,Butorides striata,2
657,Thamnophilus torquatus,2
658,Setophaga petechia,2
659,Poecilotriccus senex,2
660,Athene cunicularia,2
661,Brachygalba albogularis,2
662,Anhinga anhinga,2
663,Capito brunneipectus,2
664,Myrmelastes saturatus,2
665,Hemitriccus zoosterops,2
666,Neopelma pallescens,2
667,Myrmelastes caurensis,2
668,Crypturellus strigulosus,2
669,Tachornis squamata,2
670,Tangara argentea,2
671,Conirostrum speciosum,2
672,Pteroglossus pluricinctus,2
673,Amazonetta brasiliensis,2
674,Laterallus viridis,2
675,Jacana jacana,2
676,Cacicus cela,2
677,Psarocolius decumanus,2
678,Cathartes melambrotus,2
679,Thlypopsis sordida,2
680,Notharchus tectus,2
681,Macroagelaius imthurni,2
682,Penelope pileata,2
683,Sclerurus mexicanus,2
684,Nyctibius grandis,2
685,Brotogeris cyanoptera,2
686,Cymbilaimus sanctaemariae,2
687,Chaetura cinereiventris,2
688,Turdus olivater,2
689,Inezia caudata,2
690,Lophotriccus eulophotes,2
691,Todirostrum chrysocrotaphum,2
692,Myrmotherula gutturalis,2
693,Notharchus ordii,2
694,Synallaxis macconnelli,2
695,Icterus chrysocephalus,2
696,Aramus guarauna,2
697,Synallaxis frontalis,2
698,Myrmotherula ambigua,2
699,Lamprospiza melanoleuca,2
700,Pteroglossus mariae,2
701,Basileuterus culicivorus,2
702,Campephilus melanoleucos,2
703,Notharchus hyperrhynchus,2
704,Agamia agami,2
705,Crypturellus soui,2
706,Phylloscartes nigrifrons,2
707,Pipreola whitelyi,2
708,Buteo nitidus,2
709,Tinamus guttatus,2
710,Contopus virens,2
711,Spinus magellanicus,2
712,Molothrus bonariensis,2
713,Hydropsalis maculicaudus,2
714,Aratinga weddellii,2
715,Pipra aureola,2
716,Todirostrum cinereum,2
717,Pionites melanocephalus,2
718,Trogon curucui,2
719,Cercomacra manu,2
720,Penelope marail,2
721,Spizaetus ornatus,2
722,Lophornis ornatus,2
723,Cacicus oseryi,2
724,Dendrocygna autumnalis,2
725,Myiozetetes granadensis,2
726,Diglossa major,2
727,Cyanocorax heilprini,2
728,Myrmotherula sclateri,2
729,Sporophila murallae,2
730,Lampropsar tanagrinus,2
731,Bucco macrodactylus,2
732,Grallaria varia,2
733,Atticora fasciata,2
734,Pionus fuscus,2
735,Amazona kawalli,2
736,Poecilotriccus russatus,2
737,Tyrannus albogularis,2
738,Campylorhamphus cardosoi,2
739,Akletos goeldii,2
740,Leucopternis melanops,2
741,Colaptes rubiginosus,2
742,Cypseloides cryptus,2
743,Micrastur mirandollei,2
744,Laterallus exilis,2
745,Chaetura brachyura,2
746,Atalotriccus pilaris,2
747,Nyctibius leucopterus,2
748,Campephilus rubricollis,2
749,Thamnophilidae Thamnophilidae,2
750,Lophotriccus vitiosus,2
751,Trogon personatus,2
752,Progne elegans,1
753,Ara chloropterus,1
754,Hemitriccus senex,1
755,Deroptyus accipitrinus,1
756,Morphnus guianensis,1
757,Colonia colonus,1
758,Discosura longicaudus,1
759,Ictinia plumbea,1
760,Myrmoborus lophotes,1
761,Hylophilus thoracicus,1
762,Zebrilus undulatus,1
763,Dendrocincla turdina,1
764,Falco rufigularis,1
765,Sicalis flaveola,1
766,Zimmerius chicomendesi,1
767,Catharus swainsoni,1
768,Hydropsalis parvula,1
769,Contopus sordidulus,1
770,Psophia leucoptera,1
771,Todirostrum pictum,1
772,Cranioleuca stellaris,1
773,Xenopsaris albinucha,1
774,Urubitinga urubitinga,1
775,Dendrexetastes rufigula,1
776,Colinus cristatus,1
777,Patagioenas speciosa,1
778,Zenaida auriculata,1
779,Dendrocolaptes radiolatus,1
780,Syrigma sibilatrix,1
781,Pachyramphus viridis,1
782,Setophaga pitiayumi,1
783,Pteroglossus beauharnaisii,1
784,Picumnus buffonii,1
785,Himantopus mexicanus,1
786,Anhima cornuta,1
787,Automolus melanopezus,1
788,Cathartes burrovianus,1
789,Hypocnemis rondoni,1
790,Tityra cayana,1
791,Touit purpuratus,1
792,Hemitriccus iohannis,1
793,Polioptila paraensis,1
794,Xiphorhynchus kienerii,1
795,Progne chalybea,1
796,Ammodramus humeralis,1
797,Colaptes melanochloros,1
798,Daptrius ater,1
799,Hylopezus berlepschi,1
800,Crypturellus obsoletus,1
801,Touit huetii,1
802,Gallinago undulata,1
803,Campylorhamphus gyldenstolpei,1
804,Discosura langsdorffi,1
805,Xiphorynchus pardalotus,1
806,Phyllomyias griseiceps,1
807,Gymnomystax mexicanus,1
808,Herpsilochmus sellowi,1
809,Pyrocephalus rubinus,1
810,Tinamus tao,1
811,Crax globulosa,1
812,Tangara varia,1
813,Machaeropterus regulus,1
814,Antrostomus sericocaudatus,1
815,Phaetusa simplex,1
816,Nyctibius griseus,1
817,Odontorchilus cinereus,1
818,Crotophaga ani,1
819,Griseotyrannus aurantioatrocristatus,1
820,Campylorhamphus sanus,1
821,Gelochelidon nilotica,1
822,Xipholena lamellipennis,1
823,Sporophila crassirostris,1
824,Amazilia brevirostris,1
825,Euphonia laniirostris,1
826,Accipiter striatus,1
827,Euphonia cayennensis,1
828,Chamaeza nobilis,1
829,Myiozetetes similis,1
830,Bartramia longicauda,1
831,Sirystes sibilator,1
832,Contopus cooperi,1
833,Micropygia schomburgkii,1
834,Myiobius atricaudus,1
835,Leptodon cayanensis,1
836,Buteogallus schistaceus,1
837,Patagioenas fasciata,1
838,Nothocrax urumutum,1
839,Odontophorus stellatus,1
840,Poecilotriccus capitalis,1
841,Patagioenas subvinacea,1
842,Todirostrum poliocephalum,1
843,Micrastur semitorquatus,1
844,Vanellus chilensis,1
845,Sporophila americana,1
846,Buteo brachyurus,1
847,Megascops guatemalae,1
848,Anurolimnas castaneiceps,1
849,Tyrannopsis sulphurea,1
850,Sporophila maximiliani,1
851,Synallaxis scutata,1
852,Troglodytes rufulus,1
853,Catharus minimus,1
854,Phyllomyias griseocapilla,1
855,Hylopezus whittakeri,1
856,Tyrannus dominicensis,1
857,Icterus croconotus,1
858,Atticora tibialis,1
859,Cnipodectes superrufus,1
860,Caracara plancus,1
861,Phaethornis nattereri,1
862,Aulacorhynchus derbianus,1
863,Synallaxis hypospodia,1
864,Perissocephalus tricolor,1
865,Synallaxis kollari,1
866,Tachyphonus coronatus,1
867,Myrmotherula behni,1
868,Tigrisoma fasciatum,1
869,Celeus ochraceus,1
870,Taeniotriccus andrei,1
871,Dromococcyx pavoninus,1
872,Amazona coerulescens,1
873,Dendrocolaptes ridgwayi,1
874,Gallinago paraguaiae,1
875,Coccyzus americanus,1
876,Muscisaxicola fluviatilis,1
877,Hypocnemis subflava,1
878,Nyctibius aethereus,1
879,Icterus nigrogularis,1
880,Amazona farinosa,1
881,Euchrepomis spodioptila,1
882,Podager nacunda,1
883,Leucochloris albicollis,1
884,Falco peregrinus,1
885,Monasa flavirostris,1
886,Xipholena punicea,1
887,Actitis macularius,1
888,Progne subis,1
889,Sclerurus rufigulares,1
890,Notharchus macrorhynchos,1
891,Psophia dextralis,1
892,Myrmotherula sunensis,1
893,Myiopagis viridicata,1
894,Pteroglossus castanotis,1
895,Tangara nigrocincta,1
896,Grallaricula nana,1
897,Rostrhamus sociabilis,1
898,Lanio rufiventer,1
899,Pseudastur albicollis,1
900,Picumnus castelnau,1
901,Coryphospingus cucullatus,1
902,Phylloscartes chapmani,1
903,Pyrrhura picta,1
904,Forpus xanthopterygius,1
905,Nonnula sclateri,1
906,Dendrocolaptes juruanus,1
907,Chondrohierax uncinatus,1
908,Myrmotherula haematonata,1
909,Spiza americana,1
910,Tinamus major,1
911,Arundinicola leucocephala,1
912,Ibycter americanus,1
913,Gymnoderus foetidus,1
914,Vireo altiloquus,1
915,Euphonia chlorotica,1
916,Oxyruncus cristatus,1
917,Columbina talpacoti,1
918,Diglossa duidae,1
919,Herpsilochmus stictocephalus,1
920,Attila citriniventris,1
921,Iodopleura isabellae,1
922,Xiphocolaptes carajaensis,1
923,Trogon ramonianus,1
924,Ramphastos toco,1
925,Vireo chivi,1
926,Attila phoenicurus,1
